	Headline	Link
0	<span>Jane Philpott resigns from Trudeau cabinet, cites SNC-Lavalin scandal as a factor</span>	./articles/CAIiEIzooKXzRQ1QWIbrWg9CCtYqGQgEKhAIACoHCAow6f-ICzDjj4gDMJTFnwY
1	<span>Justin Trudeau, imposter</span>	./articles/CAIiEMCGuqDpUfzi-ncDryMDv8oqGQgEKhAIACoHCAowkrSGCzDknoQDMLjklgY
2	<span>SNC-Lavalin: A failure of governance or a failure of journalism?</span>	./articles/CBMie2h0dHBzOi8vd3d3LnRoZXN0YXIuY29tL29waW5pb24vY29udHJpYnV0b3JzLzIwMTkvMDMvMDQvc25jLWxhdmFsaW4tYS1mYWlsdXJlLW9mLWdvdmVybmFuY2Utb3ItYS1mYWlsdXJlLW9mLWpvdXJuYWxpc20uaHRtbNIBxwFodHRwczovL3d3dy10aGVzdGFyLWNvbS5jZG4uYW1wcHJvamVjdC5vcmcvdi9zL3d3dy50aGVzdGFyLmNvbS9hbXAvb3Bpbmlvbi9jb250cmlidXRvcnMvMjAxOS8wMy8wNC9zbmMtbGF2YWxpbi1hLWZhaWx1cmUtb2YtZ292ZXJuYW5jZS1vci1hLWZhaWx1cmUtb2Ytam91cm5hbGlzbS5odG1sP2FtcF9qc192PTAuMSN3ZWJ2aWV3PTEmY2FwPXN3aXBl
3	<span>Jane Philpott resigns from cabinet, citing loss of \'confidence\' over government\'s handling of SNC-Lavalin</span>	./articles/CAIiEIzE-KmjmIcOsNxWzs6Uz00qFggEKg4IACoGCAowqKNmMKjdCjCT1B0
4	<span>Look away. There’s no scandal here with SNC-Lavalin</span>	./articles/CBMiUWh0dHBzOi8vd3d3LnRoZWdsb2JlYW5kbWFpbC5jb20vb3Bpbmlvbi9hcnRpY2xlLWxvb2stYXdheS10aGVyZXMtbm8tc2NhbmRhbC1oZXJlL9IBpQFodHRwczovL3d3dy10aGVnbG9iZWFuZG1haWwtY29tLmNkbi5hbXBwcm9qZWN0Lm9yZy92L3Mvd3d3LnRoZWdsb2JlYW5kbWFpbC5jb20vYW1wL29waW5pb24vYXJ0aWNsZS1sb29rLWF3YXktdGhlcmVzLW5vLXNjYW5kYWwtaGVyZS8_YW1wX2pzX3Y9MC4xI3dlYnZpZXc9MSZjYXA9c3dpcGU
5	<span>US House committees launch sweeping Trump inquiries</span>	./articles/CBMiVmh0dHBzOi8vd3d3LmNiYy5jYS9uZXdzL3dvcmxkL3RydW1wLXByb2JlLWhvdXNlLWp1ZGljaWFyeS1yZXF1ZXN0cy1kb2N1bWVudHMtMS41MDQxOTg30gEA
6	<span>Dems expand Russia probe, say they’ll investigate “threats to the rule of law”</span>	./articles/CAIiEJJoqA7M374czYceZJHHWgIqGQgEKhAIACoHCAowqeP_CjDdg_oCMMTh6QU
7	<span>The Democrats are asking for documents on Trump\'s circle. Here are seven intriguing names on their list</span>	./articles/CBMidmh0dHBzOi8vbmF0aW9uYWxwb3N0LmNvbS9uZXdzL3dvcmxkL2hlcmUtYXJlLXNldmVuLWludHJpZ3VpbmctbmFtZXMtdGhhdC1kZWNrLXRoZS1saXN0LW9mLWRlbW9jcmF0cy1kb2N1bWVudHMtcmVxdWVzdHPSAcMBaHR0cHM6Ly9uYXRpb25hbHBvc3QtY29tLmNkbi5hbXBwcm9qZWN0Lm9yZy92L3MvbmF0aW9uYWxwb3N0LmNvbS9uZXdzL3dvcmxkL2hlcmUtYXJlLXNldmVuLWludHJpZ3VpbmctbmFtZXMtdGhhdC1kZWNrLXRoZS1saXN0LW9mLWRlbW9jcmF0cy1kb2N1bWVudHMtcmVxdWVzdHMvYW1wP2FtcF9qc192PTAuMSN3ZWJ2aWV3PTEmY2FwPXN3aXBl
8	<span>\'Impeachable\' and \'illegal\' aren\'t interchangeable</span>	./articles/CAIiEEAdmW-J--SFklH6ePsRjlgqGAgEKg8IACoHCAowjtSUCjC30XQwzqe5AQ
9	<span>U.S. House panel to request documents from Donald Trump Jr. in obstruction probe</span>	./articles/CBMiS2h0dHBzOi8vd3d3LmNiYy5jYS9uZXdzL3dvcmxkL3RydW1wLWhvdXNlLXBhbmVsLXByb2JlLW9ic3RydWN0aW9uLTEuNTA0MDk0M9IBY2h0dHBzOi8vd3d3LWNiYy1jYS5jZG4uYW1wcHJvamVjdC5vcmcvdi9zL3d3dy5jYmMuY2EvYW1wLzEuNTA0MDk0Mz9hbXBfanNfdj0wLjEjd2Vidmlldz0xJmNhcD1zd2lwZQ
10	<span>Fracking connection probed in 4.6-magnitude earthquake near Sylvan Lake</span>	./articles/CBMiVWh0dHBzOi8vY2FsZ2FyeWhlcmFsZC5jb20vbmV3cy9sb2NhbC1uZXdzL3JlZC1kZWVyLWhpdC13aXRoLWVhcnRocXVha2UtbW9uZGF5LW1vcm5pbmfSAaMBaHR0cHM6Ly9jYWxnYXJ5aGVyYWxkLWNvbS5jZG4uYW1wcHJvamVjdC5vcmcvdi9zL2NhbGdhcnloZXJhbGQuY29tL25ld3MvbG9jYWwtbmV3cy9yZWQtZGVlci1oaXQtd2l0aC1lYXJ0aHF1YWtlLW1vbmRheS1tb3JuaW5nL2FtcD9hbXBfanNfdj0wLjEjd2Vidmlldz0xJmNhcD1zd2lwZQ
11	<span>4.6 magnitude earthquake hits central Alberta near Red Deer</span>	./articles/CBMiU2h0dHBzOi8vZ2xvYmFsbmV3cy5jYS9uZXdzLzUwMTg1MzUvZWFydGhxdWFrZS1jZW50cmFsLWFsYmVydGEtc3lsdmFuLWxha2UtcmVkLWRlZXIv0gGdAWh0dHBzOi8vZ2xvYmFsbmV3cy1jYS5jZG4uYW1wcHJvamVjdC5vcmcvdi9zL2dsb2JhbG5ld3MuY2EvbmV3cy81MDE4NTM1L2VhcnRocXVha2UtY2VudHJhbC1hbGJlcnRhLXN5bHZhbi1sYWtlLXJlZC1kZWVyL2FtcC8_YW1wX2pzX3Y9MC4xI3dlYnZpZXc9MSZjYXA9c3dpcGU
12	<span>Largest earthquake on record shakes Red Deer, Sylvan Lake</span>	./articles/CBMiXmh0dHBzOi8vZWRtb250b24uY3R2bmV3cy5jYS9sYXJnZXN0LWVhcnRocXVha2Utb24tcmVjb3JkLXNoYWtlcy1yZWQtZGVlci1zeWx2YW4tbGFrZS0xLjQzMjExMjLSAYYBaHR0cHM6Ly9iZXRhLWN0dm5ld3MtY2EuY2RuLmFtcHByb2plY3Qub3JnL3Yvcy9iZXRhLmN0dm5ld3MuY2EvbG9jYWwvZWRtb250b24vMjAxOS8zLzQvMV80MzIxMTIyLmh0bWw_YW1wX2pzX3Y9MC4xI3dlYnZpZXc9MSZjYXA9c3dpcGU
13	<span>\'A very short, sharp shock\': Earthquake rattles central Alberta</span>	./articles/CAIiEF1hBbzrAH6ml6A-BFPmBkMqFggEKg4IACoGCAowqKNmMKjdCjDGlx0
14	<span>UPDATE: Earthquake in Sylvan Lake area leads to blackout</span>	./articles/CBMiXmh0dHBzOi8vd3d3LnN5bHZhbmxha2VuZXdzLmNvbS9uZXdzL3Bvc3NpYmxlLWVhcnRocXVha2UtaW4tc3lsdmFuLWxha2UtYXJlYS1sZWFkcy10by1ibGFja291dC_SAbEBaHR0cHM6Ly93d3ctc3lsdmFubGFrZW5ld3MtY29tLmNkbi5hbXBwcm9qZWN0Lm9yZy92L3Mvd3d3LnN5bHZhbmxha2VuZXdzLmNvbS9uZXdzL3Bvc3NpYmxlLWVhcnRocXVha2UtaW4tc3lsdmFuLWxha2UtYXJlYS1sZWFkcy10by1ibGFja291dC9hbXAvP2FtcF9qc192PTAuMSN3ZWJ2aWV3PTEmY2FwPXN3aXBl
15	<span>China accuses detained Canadians of spying, days after Huawei extradition hearing approved</span>	./articles/CBMia2h0dHBzOi8vd3d3LnRoZWdsb2JlYW5kbWFpbC5jb20vd29ybGQvYXJ0aWNsZS1jaGluYS1hY2N1c2VzLWRldGFpbmVkLWNhbmFkaWFucy1vZi1zcHlpbmctZGF5cy1hZnRlci1odWF3ZWkv0gG_AWh0dHBzOi8vd3d3LXRoZWdsb2JlYW5kbWFpbC1jb20uY2RuLmFtcHByb2plY3Qub3JnL3Yvcy93d3cudGhlZ2xvYmVhbmRtYWlsLmNvbS9hbXAvd29ybGQvYXJ0aWNsZS1jaGluYS1hY2N1c2VzLWRldGFpbmVkLWNhbmFkaWFucy1vZi1zcHlpbmctZGF5cy1hZnRlci1odWF3ZWkvP2FtcF9qc192PTAuMSN3ZWJ2aWV3PTEmY2FwPXN3aXBl
16	<span>Meng Wanzhou files civil claim against CBSA, RCMP and federal government</span>	./articles/CAIiEP0ykpm7skqzlSz61eBV8A8qFggEKg4IACoGCAowqKNmMKjdCjDGlx0
17	<span>China accuses U.S. of \'double standard\' over Huawei claims</span>	./articles/CAIiECA9EnvdIQJvHzM_bRchIhwqGQgEKhAIACoHCAow6f-ICzDjj4gDMIGJnwY
18	<span>Timing, trust and tensions explain Meng’s arrest in Canada on her way to Mexico, say analysts</span>	./articles/CAIiEHt8gAxrEy1LEw_Qm5FUl3oqFwgEKg4IACoGCAow6bV4MPfJDDDB1MUF
19	<span>China alleges Kovrig, Spavor are spies</span>	./articles/CAIiEPErLr2XfdLpxPEIs6XLeh0qFwgEKg4IACoGCAowqKNmMKjdCjCwqYMG
20	<span>Ford government fires OPP deputy Brad Blair, critic of Taverner appointment</span>	./articles/CAIiEJIkgySRLdy2fuWvZefEEpoqFggEKg4IACoGCAowqKNmMKjdCjCT1B0
21	<span>BREAKING: OPP Deputy Commish fired!</span>	./articles/CBMiSGh0dHBzOi8vdG9yb250b3N1bi5jb20vbmV3cy9wcm92aW5jaWFsL2JyZWFraW5nLW9wcC1kZXB1dHktY29tbWlzaC1maXJlZNIBkwFodHRwczovL3Rvcm9udG9zdW4tY29tLmNkbi5hbXBwcm9qZWN0Lm9yZy92L3MvdG9yb250b3N1bi5jb20vbmV3cy9wcm92aW5jaWFsL2JyZWFraW5nLW9wcC1kZXB1dHktY29tbWlzaC1maXJlZC9hbXA_YW1wX2pzX3Y9MC4xI3dlYnZpZXc9MSZjYXA9c3dpcGU
22	<span>Brad Blair, who questioned appointment of Ron Taverner, fired as OPP deputy commissioner</span>	./articles/CAIiEI0vS1CaJnNx-2-XD4lCaFQqGQgEKhAIACoHCAowqeP_CjDdg_oCMMTh6QU
23	<span>Firing of deputy OPP commissioner sure looks like a political decision</span>	./articles/CBMihgFodHRwczovL3d3dy50aGVzdGFyLmNvbS9vcGluaW9uL3N0YXItY29sdW1uaXN0cy8yMDE5LzAzLzA0L2ZpcmluZy1vZi1kZXB1dHktb3BwLWNvbW1pc3Npb25lci1zdXJlLWxvb2tzLWxpa2UtYS1wb2xpdGljYWwtZGVjaXNpb24uaHRtbNIB0gFodHRwczovL3d3dy10aGVzdGFyLWNvbS5jZG4uYW1wcHJvamVjdC5vcmcvdi9zL3d3dy50aGVzdGFyLmNvbS9hbXAvb3Bpbmlvbi9zdGFyLWNvbHVtbmlzdHMvMjAxOS8wMy8wNC9maXJpbmctb2YtZGVwdXR5LW9wcC1jb21taXNzaW9uZXItc3VyZS1sb29rcy1saWtlLWEtcG9saXRpY2FsLWRlY2lzaW9uLmh0bWw_YW1wX2pzX3Y9MC4xI3dlYnZpZXc9MSZjYXA9c3dpcGU
24	<span>Ford government fires OPP deputy challenging Taverner hire</span>	./articles/CBMiamh0dHBzOi8vd3d3LnRoZWdsb2JlYW5kbWFpbC5jb20vY2FuYWRhL2FydGljbGUtZm9yZC1nb3Zlcm5tZW50LWZpcmVzLW9wcC1kZXB1dHktY2hhbGxlbmdpbmctdGF2ZXJuZXItaGlyZS_SAb4BaHR0cHM6Ly93d3ctdGhlZ2xvYmVhbmRtYWlsLWNvbS5jZG4uYW1wcHJvamVjdC5vcmcvdi9zL3d3dy50aGVnbG9iZWFuZG1haWwuY29tL2FtcC9jYW5hZGEvYXJ0aWNsZS1mb3JkLWdvdmVybm1lbnQtZmlyZXMtb3BwLWRlcHV0eS1jaGFsbGVuZ2luZy10YXZlcm5lci1oaXJlLz9hbXBfanNfdj0wLjEjd2Vidmlldz0xJmNhcD1zd2lwZQ
25	<span>Winnipeg teen killed by random attacker in brutal West End home invasion</span>	./articles/CAIiEL2Cd1_ypgYORtxIn4MYr74qGQgEKhAIACoHCAowqeP_CjDdg_oCMMTh6QU
26	<span>Teen dies after home invasion, suspect shot by police</span>	./articles/CBMiW2h0dHBzOi8vd2lubmlwZWdzdW4uY29tL25ld3MvbmV3cy1uZXdzL3RlZW4tZGllcy1hZnRlci1ob21lLWludmFzaW9uLXN1c3BlY3Qtc2hvdC1ieS1wb2xpY2XSAacBaHR0cHM6Ly93aW5uaXBlZ3N1bi1jb20uY2RuLmFtcHByb2plY3Qub3JnL3Yvcy93aW5uaXBlZ3N1bi5jb20vbmV3cy9uZXdzLW5ld3MvdGVlbi1kaWVzLWFmdGVyLWhvbWUtaW52YXNpb24tc3VzcGVjdC1zaG90LWJ5LXBvbGljZS9hbXA_YW1wX2pzX3Y9MC4xI3dlYnZpZXc9MSZjYXA9c3dpcGU
27	<span>Teen dead following alleged assault by intruder who was shot by police: Winnipeg Police Service</span>	./articles/CBMihAFodHRwczovL3dpbm5pcGVnLmN0dm5ld3MuY2EvdGVlbi1kZWFkLWZvbGxvd2luZy1hbGxlZ2VkLWFzc2F1bHQtYnktaW50cnVkZXItd2hvLXdhcy1zaG90LWJ5LXBvbGljZS13aW5uaXBlZy1wb2xpY2Utc2VydmljZS0xLjQzMjA5OTTSAYYBaHR0cHM6Ly9iZXRhLWN0dm5ld3MtY2EuY2RuLmFtcHByb2plY3Qub3JnL3Yvcy9iZXRhLmN0dm5ld3MuY2EvbG9jYWwvd2lubmlwZWcvMjAxOS8zLzQvMV80MzIwOTk0Lmh0bWw_YW1wX2pzX3Y9MC4xI3dlYnZpZXc9MSZjYXA9c3dpcGU
28	<span>Deadly home invasion leaves Winnipeg police officers shaken</span>	./articles/CAIiEC8Xkzx6v-gT5Os29QrF-L0qFggEKg4IACoGCAowqKNmMKjdCjDGlx0
29	<span>17 Year-Old Killed in Home Invasion and Suspect Shot by Police</span>	./articles/CBMicWh0dHBzOi8vd3d3Lm1hbml0b2JhcG9zdC5jb20vd2lubmlwZWctY3JpbWUvMTcteWVhci1vbGQta2lsbGVkLWluLWhvbWUtaW52YXNpb24tYW5kLXN1c3BlY3Qtc2hvdC1ieS1wb2xpY2UtMTE3MzUz0gEA
30	<span>OSPCA says they will no longer enforce animal cruelty laws</span>	./articles/CBMic2h0dHBzOi8vdG9yb250b3N1bi5jb20vbmV3cy9sb2NhbC1uZXdzL29zcGNhLXRlbGxzLW9udGFyaW8tZ292ZXJubWVudC1pdC13aWxsLW5vLWxvbmdlci1lbmZvcmNlLWFuaW1hbC1jcnVlbHR5LWxhd3PSAb4BaHR0cHM6Ly90b3JvbnRvc3VuLWNvbS5jZG4uYW1wcHJvamVjdC5vcmcvdi9zL3Rvcm9udG9zdW4uY29tL25ld3MvbG9jYWwtbmV3cy9vc3BjYS10ZWxscy1vbnRhcmlvLWdvdmVybm1lbnQtaXQtd2lsbC1uby1sb25nZXItZW5mb3JjZS1hbmltYWwtY3J1ZWx0eS1sYXdzL2FtcD9hbXBfanNfdj0wLjEjd2Vidmlldz0xJmNhcD1zd2lwZQ
31	<span>More than half of Canadians say charges against SNC-Lavalin should go to criminal trial: poll</span>	./articles/CBMid2h0dHBzOi8vd3d3LnRoZWdsb2JlYW5kbWFpbC5jb20vcG9saXRpY3MvYXJ0aWNsZS1tb3JlLXRoYW4taGFsZi1vZi1jYW5hZGlhbnMtc2F5LWNoYXJnZXMtYWdhaW5zdC1zbmMtbGF2YWxpbi1zaG91bGQtZ28v0gEA
32	<span>Wilson-Raybould says she\'s running as a Liberal in fall federal election</span>	./articles/CAIiEDfoed-1w8gaJtJledes-bYqFggEKg4IACoGCAowqKNmMKjdCjDO3RQ
33	<span>‘No decision is ever final’: Attorney General David Lametti as SNC-Lavalin affair continues</span>	./articles/CAIiEChfmOyFfKycViZGnk9l9LYqGQgEKhAIACoHCAowqeP_CjDdg_oCMMXh6QU
34	<span>1 in 4 Canadians say SNC-Lavalin affair will influence their vote: Nanos</span>	./articles/CAIiEJwV30eqoeknZA1E39yLx0oqGQgEKhAIACoHCAow6f-ICzDjj4gDMJTFnwY
35	<span>Testimony by Butts will likely just prolong the Liberals\' SNC-Lavalin agony</span>	./articles/CBMidmh0dHBzOi8vd3d3LnRoZWdsb2JlYW5kbWFpbC5jb20vcG9saXRpY3MvYXJ0aWNsZS10ZXN0aW1vbnktYnktYnV0dHMtd2lsbC1saWtlbHktanVzdC1wcm9sb25nLXRoZS1saWJlcmFscy1zbmMtbGF2YWxpbi_SAQA
36	<span>At least 23 dead in Alabama after tornadoes ravage the southeast, causing \'catastrophic\' damage</span>	./articles/CBMikgFodHRwczovL25hdGlvbmFscG9zdC5jb20vbmV3cy93b3JsZC9hdC1sZWFzdC0yMy1kZWFkLWluLWFsYWJhbWEtYWZ0ZXItb25lLW9mLXRoZS13b3JzdC10b3JuYWRvZXMtcmF2YWdlLXRoZS1zb3V0aGVhc3QtY2F1c2luZy1jYXRhc3Ryb3BoaWMtZGFtYWdlc9IB3wFodHRwczovL25hdGlvbmFscG9zdC1jb20uY2RuLmFtcHByb2plY3Qub3JnL3Yvcy9uYXRpb25hbHBvc3QuY29tL25ld3Mvd29ybGQvYXQtbGVhc3QtMjMtZGVhZC1pbi1hbGFiYW1hLWFmdGVyLW9uZS1vZi10aGUtd29yc3QtdG9ybmFkb2VzLXJhdmFnZS10aGUtc291dGhlYXN0LWNhdXNpbmctY2F0YXN0cm9waGljLWRhbWFnZXMvYW1wP2FtcF9qc192PTAuMSN3ZWJ2aWV3PTEmY2FwPXN3aXBl
37	<span>At least 23 dead after U.S. south hit with tornadoes, severe storms</span>	./articles/CAIiEHItTp9o1czxLVLhtjtCz7AqGQgEKhAIACoHCAowqeP_CjDdg_oCMOXg6QU
38	<span>Deadly Alabama tornado wider, longer, stronger than originally believed</span>	./articles/CBMiTWh0dHBzOi8vd3d3LmNiYy5jYS9uZXdzL3dvcmxkL2FsYWJhbWEtdG9ybmFkby1kZWF0aC10b2xsLWxlZS1jb3VudHktMS41MDQxMzg40gFjaHR0cHM6Ly93d3ctY2JjLWNhLmNkbi5hbXBwcm9qZWN0Lm9yZy92L3Mvd3d3LmNiYy5jYS9hbXAvMS41MDQxMzg4P2FtcF9qc192PTAuMSN3ZWJ2aWV3PTEmY2FwPXN3aXBl
39	<span>23 people dead, more reported missing after tornadoes touch down in Lee County</span>	./articles/CBMidmh0dHBzOi8vbXluYmMxNS5jb20vbmV3cy9sb2NhbC8xMC1wZW9wbGUtcmVwb3J0ZWQtZGVhZC1yZXNjdWUtZWZmb3J0cy1jb250aW51ZS1hZnRlci10b3JuYWRvZXMtdG91Y2hkb3duLWluLWxlZS1jb3VudHnSAQA
40	<span>23 dead, dozens missing in tornado-blasted Alabama community</span>	./articles/CBMiWGh0dHBzOi8vd3d3LmN0dm5ld3MuY2Evd29ybGQvc2VhcmNoZXMtcmVzdW1lLWFmdGVyLXRvcm5hZG8ta2lsbHMtMjMtaW4tYWxhYmFtYS0xLjQzMjA2NzXSAYYBaHR0cHM6Ly9iZXRhLWN0dm5ld3MtY2EuY2RuLmFtcHByb2plY3Qub3JnL3Yvcy9iZXRhLmN0dm5ld3MuY2EvbmF0aW9uYWwvd29ybGQvMjAxOS8zLzMvMV80MzIwNjc1Lmh0bWw_YW1wX2pzX3Y9MC4xI3dlYnZpZXc9MSZjYXA9c3dpcGU
41	<span>Ilhan Omar\'s contentious comments prompt Democrats to craft anti-Semitism measure</span>	./articles/CBMidGh0dHBzOi8vbmF0aW9uYWxwb3N0LmNvbS9uZXdzL3dvcmxkL2lsaGFuLW9tYXJzLWNvbnRlbnRpb3VzLWNvbW1lbnRzLXByb21wdC1kZW1vY3JhdHMtdG8tY3JhZnQtYW50aS1zZW1pdGlzbS1tZWFzdXJl0gHBAWh0dHBzOi8vbmF0aW9uYWxwb3N0LWNvbS5jZG4uYW1wcHJvamVjdC5vcmcvdi9zL25hdGlvbmFscG9zdC5jb20vbmV3cy93b3JsZC9pbGhhbi1vbWFycy1jb250ZW50aW91cy1jb21tZW50cy1wcm9tcHQtZGVtb2NyYXRzLXRvLWNyYWZ0LWFudGktc2VtaXRpc20tbWVhc3VyZS9hbXA_YW1wX2pzX3Y9MC4xI3dlYnZpZXc9MSZjYXA9c3dpcGU
42	<span>Rep. Ilhan Omar under fire again for anti-Semitic comments</span>	./articles/CCAiC1pyY2FDcmt1b2ZnmAEB
43	<span>House Democrats plan vote to condemn anti-Semitism after Muslim Rep. Ilhan Omar\'s latest \'slur\'</span>	./articles/CAIiEByqVHjdBIgHfiN6uaLRogsqGQgEKhAIACoHCAowzuOICzCZ4ocDMKmaowY
44	<span>Ilhan Omar is the Steve King of the left</span>	./articles/CAIiENofCfRc_qKeBMO1veN2X3EqGAgEKg8IACoHCAowjtSUCjC30XQw_qe5AQ
45	<span>\'I ask that she retract them\': Rep. Ilhan Omar accused of anti-Semitic remarks again</span>	./articles/CBMibWh0dHBzOi8vbmF0aW9uYWxwb3N0LmNvbS9uZXdzL3dvcmxkL2ktYXNrLXRoYXQtc2hlLXJldHJhY3QtdGhlbS1yZXAtaWxoYW4tb21hci1hY2N1c2VkLW9mLWFudGktc2VtaXRpc20tYWdhaW7SAboBaHR0cHM6Ly9uYXRpb25hbHBvc3QtY29tLmNkbi5hbXBwcm9qZWN0Lm9yZy92L3MvbmF0aW9uYWxwb3N0LmNvbS9uZXdzL3dvcmxkL2ktYXNrLXRoYXQtc2hlLXJldHJhY3QtdGhlbS1yZXAtaWxoYW4tb21hci1hY2N1c2VkLW9mLWFudGktc2VtaXRpc20tYWdhaW4vYW1wP2FtcF9qc192PTAuMSN3ZWJ2aWV3PTEmY2FwPXN3aXBl
46	<span>McConnell admits Senate opponents of Trump’s emergency declaration have enough votes to pass resolution</span>	./articles/CBMif2h0dHBzOi8vd3d3LnRoZWdsb2JlYW5kbWFpbC5jb20vd29ybGQvdXMtcG9saXRpY3MvYXJ0aWNsZS1zZW5hdGUtbWFqb3JpdHktbGVhZGVyLW1jY29ubmVsbC1hY2tub3dsZWRnZXMtZW5vdWdoLXZvdGVzLXRvLW9wcG9zZS_SAdMBaHR0cHM6Ly93d3ctdGhlZ2xvYmVhbmRtYWlsLWNvbS5jZG4uYW1wcHJvamVjdC5vcmcvdi9zL3d3dy50aGVnbG9iZWFuZG1haWwuY29tL2FtcC93b3JsZC91cy1wb2xpdGljcy9hcnRpY2xlLXNlbmF0ZS1tYWpvcml0eS1sZWFkZXItbWNjb25uZWxsLWFja25vd2xlZGdlcy1lbm91Z2gtdm90ZXMtdG8tb3Bwb3NlLz9hbXBfanNfdj0wLjEjd2Vidmlldz0xJmNhcD1zd2lwZQ
47	<span>U.S. Senate appears set to reject Trump\'s border wall emergency declaration</span>	./articles/CBMiPmh0dHBzOi8vd3d3LmNiYy5jYS9uZXdzL3dvcmxkL3NlbmF0ZS10cnVtcC13YWxsLXZvdGUtMS41MDQxMTAw0gFjaHR0cHM6Ly93d3ctY2JjLWNhLmNkbi5hbXBwcm9qZWN0Lm9yZy92L3Mvd3d3LmNiYy5jYS9hbXAvMS41MDQxMTAwP2FtcF9qc192PTAuMSN3ZWJ2aWV3PTEmY2FwPXN3aXBl
48	<span>U.S. Senate likely has votes to reject Trump’s national emergency declaration</span>	./articles/CAIiEA_tgtNIfFNXqGNNyiz7rIkqGQgEKhAIACoHCAowqeP_CjDdg_oCMMTh6QU
49	<span>Even senators who back the wall should reject Trump’s emergency — for the good of the country</span>	./articles/CAIiED2fV0prUYwnvua_noEaJe4qGAgEKg8IACoHCAowjtSUCjC30XQw_qe5AQ
50	<span>Rand Paul to vote against Trump\'s national emergency</span>	./articles/CCAiC1pBeW5aaXBiTFhjmAEB
51	<span>California man arrested in day spa explosion that killed ex-girlfriend</span>	./articles/CBMiY2h0dHBzOi8vY2Fub2UuY29tL25ld3MvY3JpbWUvY2FsaWZvcm5pYS1tYW4tYXJyZXN0ZWQtaW4tZGF5LXNwYS1leHBsb3Npb24tdGhhdC1raWxsZWQtZXgtZ2lybGZyaWVuZNIBqQFodHRwczovL2Nhbm9lLWNvbS5jZG4uYW1wcHJvamVjdC5vcmcvdi9zL2Nhbm9lLmNvbS9uZXdzL2NyaW1lL2NhbGlmb3JuaWEtbWFuLWFycmVzdGVkLWluLWRheS1zcGEtZXhwbG9zaW9uLXRoYXQta2lsbGVkLWV4LWdpcmxmcmllbmQvYW1wP2FtcF9qc192PTAuMSN3ZWJ2aWV3PTEmY2FwPXN3aXBl
52	<span>Man arrested over California blast that killed ex</span>	./articles/CBMiXWh0dHBzOi8vd3d3LnRoZXNwZWMuY29tL25ld3Mtc3RvcnkvOTIwMzE5NC1tYW4tYXJyZXN0ZWQtb3Zlci1jYWxpZm9ybmlhLWJsYXN0LXRoYXQta2lsbGVkLWV4L9IBAA
53	<span>Rocket Enthusiast\'s Home Raided by FBI After Bombing</span>	./articles/CCAiC01HbEY2ZVFVcTZjmAEB
54	<span>Long Beach man arrested in Aliso Viejo explosion that claimed ex-girlfriend\'s life</span>	./articles/CBMiVmh0dHBzOi8vd3d3LmxhdGltZXMuY29tL2xvY2FsL2xhbm93L2xhLW1lLWxuLXN0ZXBoZW4tYmVhbC1hcnJlc3RlZC0yMDE5MDMwMy1zdG9yeS5odG1s0gEA
55	<span>Rocket-obsessed man arrested in connection with California mail bomb blast that killed his ex</span>	./articles/CAIiEBYPljMZFx2YiVgeEvQ3NF8qGQgEKhAIACoHCAowzuOICzCZ4ocDMKiaowY
56	<span>Owner of Pyrex, CorningWare cooks up takeover of Instant Pot maker</span>	./articles/CAIiEHMKzY-x9hkwRmDaxyEolk0qFggEKg4IACoGCAowqKNmMKjdCjDBjx0
57	<span>Elon Musk is about to reveal Tesla\'s newest vehicle: The Model Y crossover</span>	./articles/CBMigAFodHRwczovL2J1c2luZXNzLmZpbmFuY2lhbHBvc3QuY29tL3RyYW5zcG9ydGF0aW9uL2F1dG9zL2Vsb24tbXVzay1pcy1hYm91dC10by1yZXZlYWwtdGVzbGFzLW5ld2VzdC12ZWhpY2xlLXRoZS1tb2RlbC15LWNyb3Nzb3ZlctIB1wFodHRwczovL2J1c2luZXNzLWZpbmFuY2lhbHBvc3QtY29tLmNkbi5hbXBwcm9qZWN0Lm9yZy92L3MvYnVzaW5lc3MuZmluYW5jaWFscG9zdC5jb20vdHJhbnNwb3J0YXRpb24vYXV0b3MvZWxvbi1tdXNrLWlzLWFib3V0LXRvLXJldmVhbC10ZXNsYXMtbmV3ZXN0LXZlaGljbGUtdGhlLW1vZGVsLXktY3Jvc3NvdmVyL2FtcD9hbXBfanNfdj0wLjEjd2Vidmlldz0xJmNhcD1zd2lwZQ
58	<span>Newmont rejects $18B hostile bid by Barrick, releases private messages</span>	./articles/CBMiWGh0dHA6Ly93d3cubWluaW5nLmNvbS9uZXdtb250LXJlamVjdHMtMThiLWhvc3RpbGUtYmlkLWJhcnJpY2stcmVsZWFzZXMtcHJpdmF0ZS1tZXNzYWdlcy_SAQA
59	<span>Newmont rejects Barrick Gold\'s takeover offer</span>	./articles/CBMiTWh0dHA6Ly93d3cuYm5uYmxvb21iZXJnLmNhL25ld21vbnQtcmVqZWN0cy1iYXJyaWNrLXMtdGFrZW92ZXItb2ZmZXItMS4xMjIzMTU00gEA
60	<span>Barrick offer rejected - Business News</span>	./articles/CBMiRGh0dHBzOi8vd3d3LmNhc3RhbmV0Lm5ldC9uZXdzL0J1c2luZXNzLzI1MDYyMS9CYXJyaWNrLW9mZmVyLXJlamVjdGVk0gEA
61	<span>Agnico Eagle CEO wary of \'bigger is better\' mergers</span>	./articles/CBMiYGh0dHBzOi8vYnVzaW5lc3MuZmluYW5jaWFscG9zdC5jb20vY29tbW9kaXRpZXMvYWduaWNvLWVhZ2xlLWNlby13YXJ5LW9mLWJpZ2dlci1pcy1iZXR0ZXItbWVyZ2Vyc9IBtwFodHRwczovL2J1c2luZXNzLWZpbmFuY2lhbHBvc3QtY29tLmNkbi5hbXBwcm9qZWN0Lm9yZy92L3MvYnVzaW5lc3MuZmluYW5jaWFscG9zdC5jb20vY29tbW9kaXRpZXMvYWduaWNvLWVhZ2xlLWNlby13YXJ5LW9mLWJpZ2dlci1pcy1iZXR0ZXItbWVyZ2Vycy9hbXA_YW1wX2pzX3Y9MC4xI3dlYnZpZXc9MSZjYXA9c3dpcGU
62	<span>\'Great potential\': Newmont balks at pushback on Goldcorp assets</span>	./articles/CBMidWh0dHA6Ly93d3cuYm5uYmxvb21iZXJnLmNhL3dlLXJlYWxseS1zZWUtZ3JlYXQtcG90ZW50aWFsLW5ld21vbnQtY2VvLWJhbGtzLWF0LXB1c2hiYWNrLW92ZXItZ29sZGNvcnAtYXNzZXRzLTEuMTIyMzMzMdIBAA
63	<span>Vancouver home sales sluggish in February as prices continue to fall</span>	./articles/CBMiaWh0dHA6Ly93d3cuYm5uYmxvb21iZXJnLmNhL3ZhbmNvdXZlci1ob21lLXNhbGVzLXNsdWdnaXNoLWluLWZlYnJ1YXJ5LWFzLXByaWNlcy1jb250aW51ZS10by1mYWxsLTEuMTIyMzI0N9IBAA
64	<span>Samsung Galaxy S10 pre-installed screen protectors aren\'t covered by warranty in Canada</span>	./articles/CBMiV2h0dHBzOi8vbW9iaWxlc3lydXAuY29tLzIwMTkvMDMvMDQvc2Ftc3VuZy1nYWxheHktczEwLXNjcmVlbi1wcm90ZWN0b3Itd2FycmFudHktY2FuYWRhL9IBAA
65	<span>Samsung Galaxy S10+ review: Another predictably great flagship</span>	./articles/CAIiEPtsQ_8OAOXcJIe6P8Ylp_AqFwgEKg8IACoHCAowwOjjAjDp3xsw9bAl
66	<span>Samsung reveals more about the Galaxy Fold</span>	./articles/CAIiEGGEwKJV7zwc8gsC4iWcvJcqEwgEKgwIACoFCAow4GowoAgwgRo
67	<span>Samsung shares foldable display samples with Apple, Google: report</span>	./articles/CBMiT2h0dHBzOi8vbW9iaWxlc3lydXAuY29tLzIwMTkvMDMvMDQvc2Ftc3VuZy1zZW5kcy1mb2xkYWJsZS1kaXNwbGF5LWFwcGxlLWdvb2dsZS_SAQA
68	<span>Samsung Galaxy S10 Review: The New Best Android Phone</span>	./articles/CBMiN2h0dHBzOi8vd3d3LndpcmVkLmNvbS9yZXZpZXcvcmV2aWV3LXNhbXN1bmctZ2FsYXh5LXMxMC_SAYABaHR0cHM6Ly93d3ctd2lyZWQtY29tLmNkbi5hbXBwcm9qZWN0Lm9yZy92L3Mvd3d3LndpcmVkLmNvbS9yZXZpZXcvcmV2aWV3LXNhbXN1bmctZ2FsYXh5LXMxMC9hbXA_YW1wX2pzX3Y9MC4xI3dlYnZpZXc9MSZjYXA9c3dpcGU
69	<span>USB4 is twice as fast as USB 3.2, will make the dongle life twice as complicated</span>	./articles/CBMiVWh0dHBzOi8vbW9iaWxlc3lydXAuY29tLzIwMTkvMDMvMDQvdXNiNC1kb3VibGUtc3BlZWQtdXNiLTMtMi1kb25nbGUtbGlmZS1jb21wbGljYXRlZC_SAQA
70	<span>Thunderbolt 3 becomes USB4, as Intel’s interconnect goes royalty-free</span>	./articles/CBMibGh0dHBzOi8vYXJzdGVjaG5pY2EuY29tL2dhZGdldHMvMjAxOS8wMy90aHVuZGVyYm9sdC0zLWJlY29tZXMtdXNiNC1hcy1pbnRlbHMtaW50ZXJjb25uZWN0LWdvZXMtcm95YWx0eS1mcmVlL9IBugFodHRwczovL2Fyc3RlY2huaWNhLWNvbS5jZG4uYW1wcHJvamVjdC5vcmcvdi9zL2Fyc3RlY2huaWNhLmNvbS9nYWRnZXRzLzIwMTkvMDMvdGh1bmRlcmJvbHQtMy1iZWNvbWVzLXVzYjQtYXMtaW50ZWxzLWludGVyY29ubmVjdC1nb2VzLXJveWFsdHktZnJlZS8_YW1wPTEmYW1wX2pzX3Y9MC4xI3dlYnZpZXc9MSZjYXA9c3dpcGU
71	<span>USB4 will support Thunderbolt and double the speed of USB 3.2</span>	./articles/CAIiEKGTDKq2NQJt-0FFJ2djgM4qGAgEKg8IACoHCAowwOjjAjDp3xswpuqvAw
72	<span>USB4 Specification Announced: Adopting Thunderbolt 3 Protocol for 40 Gbps USB</span>	./articles/CBMiSmh0dHBzOi8vd3d3LmFuYW5kdGVjaC5jb20vc2hvdy8xNDA0OC91c2I0LXNwZWNpZmljYXRpb24tNDAtZ2Jwcy10eXBlLWMtdGIz0gEA
73	<span>USB4 is coming, and it’ll have data transfer speeds as fast as Thunderbolt 3</span>	./articles/CBMiN2h0dHBzOi8vd3d3LmRpZ2l0YWx0cmVuZHMuY29tL2NvbXB1dGluZy91c2I0LWFubm91bmNlZC_SAYkBaHR0cHM6Ly93d3ctZGlnaXRhbHRyZW5kcy1jb20uY2RuLmFtcHByb2plY3Qub3JnL3Yvcy93d3cuZGlnaXRhbHRyZW5kcy5jb20vY29tcHV0aW5nL3VzYjQtYW5ub3VuY2VkLz9hbXAmYW1wX2pzX3Y9MC4xI3dlYnZpZXc9MSZjYXA9c3dpcGU
74	<span>Critical Role’s Crowdfunding Campaign for Animated D&amp;D Special Raises $2 Million in Under Four Hours</span>	./articles/CAIiEOhFW94sb6jxx0Y1aPZqTjYqFwgEKg8IACoHCAowraj2AjC5-iIw7Itb
75	<span>Facebook launches Messenger \'dark mode\' with secret sneak peek</span>	./articles/CAIiEET2Yq251rRE_f6oin3x2P8qGQgEKhAIACoHCAow6f-ICzDjj4gDMJTFnwY
76	<span>Facebook Messenger\'s dark mode is now officially available in Canada</span>	./articles/CBMiVWh0dHBzOi8vbW9iaWxlc3lydXAuY29tLzIwMTkvMDMvMDQvZmFjZWJvb2stbWVzc2VuZ2VyLWRhcmstbW9kZS1ub3ctYXZhaWxhYmxlLWNhbmFkYS_SAQA
77	<span>Facebook Officially Announces Dark Mode for Messenger on iOS and Android</span>	./articles/CBMiRGh0dHBzOi8vd3d3LmlwaG9uZWluY2FuYWRhLmNhL25ld3MvZmFjZWJvb2stZGFyay1tb2RlLW1lc3Nlbmdlci1pb3Mv0gEA
78	<span>Facebook Messenger Dark Mode - The hidden trick that activates this must-have feature</span>	./articles/CAIiENwySND1r-nEBnpKFb9CDSYqGQgEKhAIACoHCAow9935CjCe0eYCMNLmzAU
79	<span>Here\'s how you can get Facebook Messenger\'s secret dark mode</span>	./articles/CBMiUmh0dHBzOi8vd3d3LnBvcGJ1enouY29tL2ludGVybmV0L3NvY2lhbC1tZWRpYS9mYWNlYm9vay1tZXNzZW5nZXItZGFyay1tb2RlLWhvdy10by_SAZoBaHR0cHM6Ly9hbXAtcG9wYnV6ei1jb20uY2RuLmFtcHByb2plY3Qub3JnL3Yvcy9hbXAucG9wYnV6ei5jb20vaW50ZXJuZXQvc29jaWFsLW1lZGlhL2ZhY2Vib29rLW1lc3Nlbmdlci1kYXJrLW1vZGUtaG93LXRvLz9hbXBfanNfdj0wLjEjd2Vidmlldz0xJmNhcD1zd2lwZQ
80	<span>Beverly Hills, 90210\'s Luke Perry dead at 52</span>	./articles/CBMiW2h0dHBzOi8vbmF0aW9uYWxwb3N0LmNvbS9lbnRlcnRhaW5tZW50L2NlbGVicml0eS9iZXZlcmx5LWhpbGxzLTkwMjEwcy1sdWtlLXBlcnJ5LWRpZXMtYXQtNTLSAagBaHR0cHM6Ly9uYXRpb25hbHBvc3QtY29tLmNkbi5hbXBwcm9qZWN0Lm9yZy92L3MvbmF0aW9uYWxwb3N0LmNvbS9lbnRlcnRhaW5tZW50L2NlbGVicml0eS9iZXZlcmx5LWhpbGxzLTkwMjEwcy1sdWtlLXBlcnJ5LWRpZXMtYXQtNTIvYW1wP2FtcF9qc192PTAuMSN3ZWJ2aWV3PTEmY2FwPXN3aXBl
81	<span>Luke Perry, actor known for Beverly Hills, 90210, dead at 52</span>	./articles/CBMiP2h0dHBzOi8vd3d3LmNiYy5jYS9uZXdzL2VudGVydGFpbm1lbnQvb2JpdC1sdWtlLXBlcnJ5LTEuNTA0MjExN9IBY2h0dHBzOi8vd3d3LWNiYy1jYS5jZG4uYW1wcHJvamVjdC5vcmcvdi9zL3d3dy5jYmMuY2EvYW1wLzEuNTA0MjExNz9hbXBfanNfdj0wLjEjd2Vidmlldz0xJmNhcD1zd2lwZQ
82	<span>Actor Luke Perry dies at 52 after stroke</span>	./articles/CAIiEK61e5vutAYZY5KB1ypgssEqGQgEKhAIACoHCAow6f-ICzDjj4gDMJTFnwY
83	<span>Luke Perry, star of Riverdale and Beverly Hills 90210, dies at age 52</span>	./articles/CAIiEFsPLc47-yoCr0XeqR-V7dQqFggEKg4IACoGCAow6bV4MPfJDDCtvTk
84	<span>Luke Perry dead at 52 following massive stroke</span>	./articles/CBMiVGh0dHBzOi8vY2EubmV3cy55YWhvby5jb20vbHVrZS1wZXJyeS1kZWFkLTUyLWZvbGxvd2luZy1tYXNzaXZlLXN0cm9rZS0xODAyMjY1MzQuaHRtbNIBpgFodHRwczovL2NhLW5ld3MteWFob28tY29tLmNkbi5hbXBwcm9qZWN0Lm9yZy92L3MvY2EubmV3cy55YWhvby5jb20vYW1waHRtbC9sdWtlLXBlcnJ5LWRlYWQtNTItZm9sbG93aW5nLW1hc3NpdmUtc3Ryb2tlLTE4MDIyNjUzNC5odG1sP2FtcF9qc192PTAuMSN3ZWJ2aWV3PTEmY2FwPXN3aXBl
85	<span>Steven Spielberg\'s push against Netflix at Oscars hits nerve</span>	./articles/CBMiRGh0dHBzOi8vd3d3LmNiYy5jYS9uZXdzL2VudGVydGFpbm1lbnQvc3BpZWxiZXJnLXZzLW5ldGZsaXgtMS41MDQxNTA00gFjaHR0cHM6Ly93d3ctY2JjLWNhLmNkbi5hbXBwcm9qZWN0Lm9yZy92L3Mvd3d3LmNiYy5jYS9hbXAvMS41MDQxNTA0P2FtcF9qc192PTAuMSN3ZWJ2aWV3PTEmY2FwPXN3aXBl
86	<span>Spielberg\'s push against Netflix at the Oscars hits a nerve</span>	./articles/CBMiamh0dHBzOi8vd3d3LmN0dm5ld3MuY2EvZW50ZXJ0YWlubWVudC9zcGllbGJlcmctcy1wdXNoLWFnYWluc3QtbmV0ZmxpeC1hdC10aGUtb3NjYXJzLWhpdHMtYS1uZXJ2ZS0xLjQzMjEwMjnSAY4BaHR0cHM6Ly9iZXRhLWN0dm5ld3MtY2EuY2RuLmFtcHByb2plY3Qub3JnL3Yvcy9iZXRhLmN0dm5ld3MuY2EvbmF0aW9uYWwvZW50ZXJ0YWlubWVudC8yMDE5LzMvNC8xXzQzMjEwMjkuaHRtbD9hbXBfanNfdj0wLjEjd2Vidmlldz0xJmNhcD1zd2lwZQ
87	<span>\'WE LOVE CINEMA\': Netflix responds to Steven Spielberg\'s \'Oscars ban\'</span>	./articles/CBMiZmh0dHBzOi8vY2Fub2UuY29tL2VudGVydGFpbm1lbnQvbW92aWVzL3dlLWxvdmUtY2luZW1hLW5ldGZsaXgtcmVzcG9uZHMtdG8tc3RldmVuLXNwaWVsYmVyZ3Mtb3NjYXJzLWJhbtIBrAFodHRwczovL2Nhbm9lLWNvbS5jZG4uYW1wcHJvamVjdC5vcmcvdi9zL2Nhbm9lLmNvbS9lbnRlcnRhaW5tZW50L21vdmllcy93ZS1sb3ZlLWNpbmVtYS1uZXRmbGl4LXJlc3BvbmRzLXRvLXN0ZXZlbi1zcGllbGJlcmdzLW9zY2Fycy1iYW4vYW1wP2FtcF9qc192PTAuMSN3ZWJ2aWV3PTEmY2FwPXN3aXBl
88	<span>Netflix Makes Its Case for Oscars Consideration Ahead of Meeting</span>	./articles/CBMiZGh0dHBzOi8vd3d3LmhvbGx5d29vZHJlcG9ydGVyLmNvbS9uZXdzL25ldGZsaXgtbWFrZXMtY2FzZS1hY2FkZW15LW9zY2Fycy1lbGlnaWJpbGl0eS1tZWV0aW5nLTExOTE5ODHSAboBaHR0cHM6Ly93d3ctaG9sbHl3b29kcmVwb3J0ZXItY29tLmNkbi5hbXBwcm9qZWN0Lm9yZy92L3Mvd3d3LmhvbGx5d29vZHJlcG9ydGVyLmNvbS9hbXAvbmV3cy9uZXRmbGl4LW1ha2VzLWNhc2UtYWNhZGVteS1vc2NhcnMtZWxpZ2liaWxpdHktbWVldGluZy0xMTkxOTgxP2FtcF9qc192PTAuMSN3ZWJ2aWV3PTEmY2FwPXN3aXBl
89	<span>The Final Season of \'Game of Thrones\' Might Be Funny</span>	./articles/CAIiELe8O1NC98hFdFA2rWno28IqGAgEKg8IACoHCAow-KLyCTDo8XIw6bDpBQ
90	<span>Twitter Is Torn After Shocking Michael Jackson ‘Leaving Neverland’ Doc: See The Stars &amp; Fans’ Mixed Reactions</span>	./articles/CBMiiQFodHRwczovL2V0Y2FuYWRhLmNvbS9uZXdzLzQyNjQzMS90d2l0dGVyLWlzLXRvcm4tYWZ0ZXItc2hvY2tpbmctbWljaGFlbC1qYWNrc29uLWxlYXZpbmctbmV2ZXJsYW5kLWRvYy1zZWUtdGhlLXN0YXJzLWZhbnMtbWl4ZWQtcmVhY3Rpb25zL9IB0gFodHRwczovL2V0Y2FuYWRhLWNvbS5jZG4uYW1wcHJvamVjdC5vcmcvdi9zL2V0Y2FuYWRhLmNvbS9uZXdzLzQyNjQzMS90d2l0dGVyLWlzLXRvcm4tYWZ0ZXItc2hvY2tpbmctbWljaGFlbC1qYWNrc29uLWxlYXZpbmctbmV2ZXJsYW5kLWRvYy1zZWUtdGhlLXN0YXJzLWZhbnMtbWl4ZWQtcmVhY3Rpb25zL2FtcC8_YW1wX2pzX3Y9MC4xI3dlYnZpZXc9MSZjYXA9c3dpcGU
91	"<span>The Michael Jackson Documentary ""Leaving Neverland"" Aired Yesterday And Twitter Is Out Of Control In Response</span>"	./articles/CBMilgFodHRwczovL3d3dy5tdGxibG9nLmNvbS9uZXdzL2VudGVydGFpbm1lbnQvdGhlLW1pY2hhZWwtamFja3Nvbi1kb2N1bWVudGFyeS1sZWF2aW5nLW5ldmVybGFuZC1haXJlZC15ZXN0ZXJkYXktYW5kLXR3aXR0ZXItaXMtb3V0LW9mLWNvbnRyb2wtaW4tcmVzcG9uc2XSAQA
92	<span>Leaving Neverland Premieres: What Happened in Part One?</span>	./articles/CBMiXWh0dHBzOi8vd3d3LmVvbmxpbmUuY29tL2NhL25ld3MvMTAyMDE0My9sZWF2aW5nLW5ldmVybGFuZC1wcmVtaWVyZXMtd2hhdC1oYXBwZW5lZC1pbi1wYXJ0LW9uZdIBAA
93	<span>Michael Jackson reportedly \'married\' boy, 10, in mock ceremony</span>	./articles/CBMiZGh0dHBzOi8vY2Fub2UuY29tL2VudGVydGFpbm1lbnQvY2VsZWJyaXR5L21pY2hhZWwtamFja3Nvbi1yZXBvcnRlZGx5LW1hcnJpZWQtYm95LTEwLWluLW1vY2stY2VyZW1vbnnSAaoBaHR0cHM6Ly9jYW5vZS1jb20uY2RuLmFtcHByb2plY3Qub3JnL3Yvcy9jYW5vZS5jb20vZW50ZXJ0YWlubWVudC9jZWxlYnJpdHkvbWljaGFlbC1qYWNrc29uLXJlcG9ydGVkbHktbWFycmllZC1ib3ktMTAtaW4tbW9jay1jZXJlbW9ueS9hbXA_YW1wX2pzX3Y9MC4xI3dlYnZpZXc9MSZjYXA9c3dpcGU
94	<span>\'Leaving Neverland\' Is a Reckoning for Michael Jackson Fans</span>	./articles/CAIiEP1Z9q7vHDfedGFYvKXz59gqFwgEKg4IACoGCAowis8wMLmCBjCfotQD
95	<span>Royal Family set new guidelines to block, report social media trolls</span>	./articles/CAIiED7D-HQC7YKtAtvusKuYodwqGQgEKhAIACoHCAowqeP_CjDdg_oCMMTh6QU
96	<span>British royals implement social media policy amid abuse aimed at Meghan, Kate</span>	./articles/CBMicWh0dHBzOi8vdG9yb250by5jdHZuZXdzLmNhL2JyaXRpc2gtcm95YWxzLWltcGxlbWVudC1zb2NpYWwtbWVkaWEtcG9saWN5LWFtaWQtYWJ1c2UtYWltZWQtYXQtbWVnaGFuLWthdGUtMS40MzIxMTQ50gGFAWh0dHBzOi8vYmV0YS1jdHZuZXdzLWNhLmNkbi5hbXBwcm9qZWN0Lm9yZy92L3MvYmV0YS5jdHZuZXdzLmNhL2xvY2FsL3Rvcm9udG8vMjAxOS8zLzQvMV80MzIxMTQ5Lmh0bWw_YW1wX2pzX3Y9MC4xI3dlYnZpZXc9MSZjYXA9c3dpcGU
97	<span>Royal family issues social media guidelines after Meghan-Kate abuse</span>	./articles/CAIiEJh_n3bS6Ip1rt_tm7xdSDkqGQgEKhAIACoHCAowocv1CjCSptoCMPrTpgU
98	<span>U.K. royals to block trolls on their social media sites</span>	./articles/CBMiUGh0dHBzOi8vd3d3LmNiYy5jYS9uZXdzL3dvcmxkL2JyaXRhaW4tcm95YWxzLWJsb2NrLXNvY2lhbC1tZWRpYS10cm9sbHMtMS41MDQxNTgx0gFjaHR0cHM6Ly93d3ctY2JjLWNhLmNkbi5hbXBwcm9qZWN0Lm9yZy92L3Mvd3d3LmNiYy5jYS9hbXAvMS41MDQxNTgxP2FtcF9qc192PTAuMSN3ZWJ2aWV3PTEmY2FwPXN3aXBl
99	<span>Royal family issues new social media guidelines to deter trolls</span>	./articles/CAIiEGdQY8NQ9-F9KqTArcaBbegqFggEKg4IACoGCAowl6p7MN-zCTDlkko
100	<span>Fierce competitor Ted Lindsay remembered as \'a giant\' for hockey, beloved ambassador</span>	./articles/CBMiTWh0dHBzOi8vd3d3LmNiYy5jYS9zcG9ydHMvaG9ja2V5L25obC90ZWQtbGluZHNheS1kZWF0aC1yZWFjdGlvbi1uaGwtMS41MDQyMTI40gFjaHR0cHM6Ly93d3ctY2JjLWNhLmNkbi5hbXBwcm9qZWN0Lm9yZy92L3Mvd3d3LmNiYy5jYS9hbXAvMS41MDQyMTI4P2FtcF9qc192PTAuMSN3ZWJ2aWV3PTEmY2FwPXN3aXBl
101	<span>Red Wings legend Lindsay dead at 93</span>	./articles/CBMiQGh0dHBzOi8vd3d3LnRzbi5jYS9yZWQtd2luZ3MtbGVnZW5kLWxpbmRzYXktZGVhZC1hdC05My0xLjEyNjc0ODjSAYsBaHR0cHM6Ly93d3ctdHNuLWNhLmNkbi5hbXBwcm9qZWN0Lm9yZy92L3Mvd3d3LnRzbi5jYS9yZWQtd2luZ3MtbGVnZW5kLWxpbmRzYXktZGVhZC1hdC05My0xLjEyNjc0ODg_dHNuLWFtcCZhbXBfanNfdj0wLjEjd2Vidmlldz0xJmNhcD1zd2lwZQ
102	<span>Lindsay knew fighting for players’ rights would hurt, but he did anyway</span>	./articles/CBMiVWh0dHBzOi8vd3d3LnNwb3J0c25ldC5jYS9ob2NrZXkvbmhsL2xpbmRzYXkta25ldy1maWdodGluZy1wbGF5ZXJzLXJpZ2h0cy1odXJ0LWFueXdheS_SAaUBaHR0cHM6Ly93d3ctc3BvcnRzbmV0LWNhLmNkbi5hbXBwcm9qZWN0Lm9yZy92L3Mvd3d3LnNwb3J0c25ldC5jYS9ob2NrZXkvbmhsL2xpbmRzYXkta25ldy1maWdodGluZy1wbGF5ZXJzLXJpZ2h0cy1odXJ0LWFueXdheS9zbi1hbXAvP2FtcF9qc192PTAuMSN3ZWJ2aWV3PTEmY2FwPXN3aXBl
103	<span>Red Wings legend Ted Lindsay, 1925-2019</span>	./articles/CBMieWh0dHBzOi8vd3d3LmRldHJvaXRuZXdzLmNvbS9waWN0dXJlLWdhbGxlcnkvc3BvcnRzL25obC9yZWQtd2luZ3MvMjAxOS8wMy8wNC9yZWQtd2luZ3MtbGVnZW5kLXRlZC1saW5kc2F5LWRpZXMvMzA1MzUzMjAwMi_SAQA
104	<span>Red Wings great, Hall of Famer Ted Lindsay dies at 93</span>	./articles/CAIiEKvDWxGl-JmEg0g63Qv8KYsqFggEKg4IACoGCAowqKNmMKjdCjCT1B0
105	<span>Golden Knights have been rolling since adding Stone</span>	./articles/CBMiUGh0dHBzOi8vd3d3LnRzbi5jYS9nb2xkZW4ta25pZ2h0cy1oYXZlLWJlZW4tcm9sbGluZy1zaW5jZS1hZGRpbmctc3RvbmUtMS4xMjY3NjIz0gGbAWh0dHBzOi8vd3d3LXRzbi1jYS5jZG4uYW1wcHJvamVjdC5vcmcvdi9zL3d3dy50c24uY2EvZ29sZGVuLWtuaWdodHMtaGF2ZS1iZWVuLXJvbGxpbmctc2luY2UtYWRkaW5nLXN0b25lLTEuMTI2NzYyMz90c24tYW1wJmFtcF9qc192PTAuMSN3ZWJ2aWV3PTEmY2FwPXN3aXBl
106	<span>Golden Knights’ Fleury, Jets’ Wheeler, Penguins’ Crosby named NHL’s 3 stars</span>	./articles/CBMiamh0dHBzOi8vd3d3LnNwb3J0c25ldC5jYS9ob2NrZXkvbmhsL2dvbGRlbi1rbmlnaHRzLWZsZXVyeS1qZXRzLXdoZWVsZXItcGVuZ3VpbnMtY3Jvc2J5LW5hbWVkLW5obHMtMy1zdGFycy_SAboBaHR0cHM6Ly93d3ctc3BvcnRzbmV0LWNhLmNkbi5hbXBwcm9qZWN0Lm9yZy92L3Mvd3d3LnNwb3J0c25ldC5jYS9ob2NrZXkvbmhsL2dvbGRlbi1rbmlnaHRzLWZsZXVyeS1qZXRzLXdoZWVsZXItcGVuZ3VpbnMtY3Jvc2J5LW5hbWVkLW5obHMtMy1zdGFycy9zbi1hbXAvP2FtcF9qc192PTAuMSN3ZWJ2aWV3PTEmY2FwPXN3aXBl
107	<span>Golden Knights 3, Canucks 0: Nothing but trouble for the Canucks in Sin City</span>	./articles/CBMihgFodHRwczovL3RoZXByb3ZpbmNlLmNvbS9zcG9ydHMvaG9ja2V5L25obC92YW5jb3V2ZXItY2FudWNrcy9nb2xkZW4ta25pZ2h0cy0zLWNhbnVja3MtMC1ub3RoaW5nLWJ1dC10cm91YmxlLWZvci10aGUtY2FudWNrcy1pbi1zaW4tY2l0edIB0gFodHRwczovL3RoZXByb3ZpbmNlLWNvbS5jZG4uYW1wcHJvamVjdC5vcmcvdi9zL3RoZXByb3ZpbmNlLmNvbS9zcG9ydHMvaG9ja2V5L25obC92YW5jb3V2ZXItY2FudWNrcy9nb2xkZW4ta25pZ2h0cy0zLWNhbnVja3MtMC1ub3RoaW5nLWJ1dC10cm91YmxlLWZvci10aGUtY2FudWNrcy1pbi1zaW4tY2l0eS9hbXA_YW1wX2pzX3Y9MC4xI3dlYnZpZXc9MSZjYXA9c3dpcGU
108	<span>Golden Knights win 4th straight with shutout of Canucks — VIDEO</span>	./articles/CBMifmh0dHBzOi8vd3d3LnJldmlld2pvdXJuYWwuY29tL3Nwb3J0cy9nb2xkZW4ta25pZ2h0cy1uaGwvZ29sZGVuLWtuaWdodHMtd2luLTR0aC1zdHJhaWdodC13aXRoLXNodXRvdXQtb2YtY2FudWNrcy12aWRlby0xNjA5OTgwL9IB0AFodHRwczovL3d3dy1yZXZpZXdqb3VybmFsLWNvbS5jZG4uYW1wcHJvamVjdC5vcmcvdi9zL3d3dy5yZXZpZXdqb3VybmFsLmNvbS9zcG9ydHMvZ29sZGVuLWtuaWdodHMtbmhsL2dvbGRlbi1rbmlnaHRzLXdpbi00dGgtc3RyYWlnaHQtd2l0aC1zaHV0b3V0LW9mLWNhbnVja3MtdmlkZW8tMTYwOTk4MC9hbXAvP2FtcF9qc192PTAuMSN3ZWJ2aWV3PTEmY2FwPXN3aXBl
109	<span>Fleury gets second straight shutout, Golden Knights beat Canucks</span>	./articles/CBMiXGh0dHBzOi8vd3d3LnRzbi5jYS9mbGV1cnktZ2V0cy1zZWNvbmQtc3RyYWlnaHQtc2h1dG91dC1nb2xkZW4ta25pZ2h0cy1iZWF0LWNhbnVja3MtMS4xMjY3MzI00gGjAWh0dHBzOi8vd3d3LXRzbi1jYS5jZG4uYW1wcHJvamVjdC5vcmcvdi9zL3d3dy50c24uY2EvZmxldXJ5LWdldHMtc2Vjb25kLXN0cmFpZ2h0LXNodXRvdXQtdmVnYXMtYmVhdHMtY2FudWNrcy0zLTAtMS4xMjY3MzI0P3Rzbi1hbXAmYW1wX2pzX3Y9MC4xI3dlYnZpZXc9MSZjYXA9c3dpcGU
110	<span>Game Notes: Edmonton Oilers at Buffalo Sabres</span>	./articles/CBMiUWh0dHBzOi8vb2lsZXJzbmF0aW9uLmNvbS8yMDE5LzAzLzA0L2dhbWUtbm90ZXMtZWRtb250b24tb2lsZXJzLWF0LWJ1ZmZhbG8tc2FicmVzL9IBAA
111	<span>Chiasson: \'We’re all playing 17 playoff games\'</span>	./articles/CBMiSGh0dHBzOi8vd3d3LnRzbi5jYS9jaGlhc3Nvbi13ZS1yZS1hbGwtcGxheWluZy0xNy1wbGF5b2ZmLWdhbWVzLTEuMTI2NzQ5NtIBkwFodHRwczovL3d3dy10c24tY2EuY2RuLmFtcHByb2plY3Qub3JnL3Yvcy93d3cudHNuLmNhL2NoaWFzc29uLXdlLXJlLWFsbC1wbGF5aW5nLTE3LXBsYXlvZmYtZ2FtZXMtMS4xMjY3NDk2P3Rzbi1hbXAmYW1wX2pzX3Y9MC4xI3dlYnZpZXc9MSZjYXA9c3dpcGU
112	<span>Buffalo Sabres and Edmonton Oilers – Another Lost Year</span>	./articles/CBMiS2h0dHBzOi8vdGhlaG9ja2V5d3JpdGVycy5jb20vYnVmZmFsby1zYWJyZXMtZWRtb250b24tb2lsZXJzLWVpY2hlbC1tY2RhdmlkL9IBAA
113	<span>Can the Edmonton Oilers back up Ken Hitchcock’s Confidence?</span>	./articles/CBMiS2h0dHBzOi8vb2lsb253aHl0ZS5jb20vMjAxOS8wMy8wMy9lZG1vbnRvbi1vaWxlcnMta2VuLWhpdGNoY29jay1jb25maWRlbmNlL9IBlgFodHRwczovL29pbG9ud2h5dGUtY29tLmNkbi5hbXBwcm9qZWN0Lm9yZy92L3Mvb2lsb253aHl0ZS5jb20vMjAxOS8wMy8wMy9lZG1vbnRvbi1vaWxlcnMta2VuLWhpdGNoY29jay1jb25maWRlbmNlL2FtcC8_YW1wX2pzX3Y9MC4xI3dlYnZpZXc9MSZjYXA9c3dpcGU
114	<span>Game Preview 66.0: Edmonton Oilers at Buffalo Sabres (5:00pm MT, SN1)</span>	./articles/CBMiY2h0dHBzOi8vb2lsZXJzbmF0aW9uLmNvbS8yMDE5LzAzLzA0L2dhbWUtcHJldmlldy02Ni0wLWVkbW9udG9uLW9pbGVycy1hdC1idWZmYWxvLXNhYnJlcy01cG0tbXQtc24xL9IBAA
115	<span>Five thoughts recap: Detroit Pistons 112, Toronto Raptors 107 (OT)</span>	./articles/CBMiZ2h0dHBzOi8vd3d3LnJhcHRvcnNocS5jb20vMjAxOS8zLzQvMTgyNDk0MDMvZml2ZS10aG91Z2h0cy1yZWNhcC1kZXRyb2l0LXBpc3RvbnMtMTEyLXRvcm9udG8tcmFwdG9ycy0xMDfSAb4BaHR0cHM6Ly93d3ctcmFwdG9yc2hxLWNvbS5jZG4uYW1wcHJvamVjdC5vcmcvdi9zL3d3dy5yYXB0b3JzaHEuY29tL3BsYXRmb3JtL2FtcC8yMDE5LzMvNC8xODI0OTQwMy9maXZlLXRob3VnaHRzLXJlY2FwLWRldHJvaXQtcGlzdG9ucy0xMTItdG9yb250by1yYXB0b3JzLTEwNz9hbXBfanNfdj0wLjEjd2Vidmlldz0xJmNhcD1zd2lwZQ
116	<span>Thoughts on the Raptors, their fans and more</span>	./articles/CBMiSGh0dHBzOi8vd3d3LnRzbi5jYS90aG91Z2h0cy1vbi10aGUtcmFwdG9ycy10aGVpci1mYW5zLWFuZC1tb3JlLTEuMTI2NzQyM9IBkwFodHRwczovL3d3dy10c24tY2EuY2RuLmFtcHByb2plY3Qub3JnL3Yvcy93d3cudHNuLmNhL3Rob3VnaHRzLW9uLXRoZS1yYXB0b3JzLXRoZWlyLWZhbnMtYW5kLW1vcmUtMS4xMjY3NDIzP3Rzbi1hbXAmYW1wX2pzX3Y9MC4xI3dlYnZpZXc9MSZjYXA9c3dpcGU
117	<span>Casey’s Pistons prove they can pose problems for Raptors down the road</span>	./articles/CBMiXGh0dHBzOi8vd3d3LnNwb3J0c25ldC5jYS9iYXNrZXRiYWxsL25iYS9jYXNleXMtcGlzdG9ucy1wcm92ZS1jYW4tcG9zZS1wcm9ibGVtcy1yYXB0b3JzLXJvYWQv0gGsAWh0dHBzOi8vd3d3LXNwb3J0c25ldC1jYS5jZG4uYW1wcHJvamVjdC5vcmcvdi9zL3d3dy5zcG9ydHNuZXQuY2EvYmFza2V0YmFsbC9uYmEvY2FzZXlzLXBpc3RvbnMtcHJvdmUtY2FuLXBvc2UtcHJvYmxlbXMtcmFwdG9ycy1yb2FkL3NuLWFtcC8_YW1wX2pzX3Y9MC4xI3dlYnZpZXc9MSZjYXA9c3dpcGU
118	<span>Player Grades from Toronto Raptors heartbreaking loss to Pistons</span>	./articles/CBMiRWh0dHBzOi8vcmFwdG9yc3JhcHR1cmUuY29tLzIwMTkvMDMvMDQvdG9yb250by1yYXB0b3JzLWdyYWRlcy1waXN0b25zL9IBlAFodHRwczovL3JhcHRvcnNyYXB0dXJlLWNvbS5jZG4uYW1wcHJvamVjdC5vcmcvdi9zL3JhcHRvcnNyYXB0dXJlLmNvbS8yMDE5LzAzLzA0L3Rvcm9udG8tcmFwdG9ycy1ncmFkZXMtcGlzdG9ucy9hbXAvP2FtcF9qc192PTAuMSN3ZWJ2aWV3PTEmY2FwPXN3aXBl
119	<span>Pistons race ahead of Raptors in overtime</span>	./articles/CBMiVWh0dHBzOi8vd3d3LnJhcHRvcnNyZXB1YmxpYy5jb20vMjAxOS8wMy8wNC9waXN0b25zLXJhY2UtYWhlYWQtb2YtcmFwdG9ycy1pbi1vdmVydGltZS_SAakBaHR0cHM6Ly93d3ctcmFwdG9yc3JlcHVibGljLWNvbS5jZG4uYW1wcHJvamVjdC5vcmcvdi9zL3d3dy5yYXB0b3JzcmVwdWJsaWMuY29tLzIwMTkvMDMvMDQvcGlzdG9ucy1yYWNlLWFoZWFkLW9mLXJhcHRvcnMtaW4tb3ZlcnRpbWUvYW1wLz9hbXBfanNfdj0wLjEjd2Vidmlldz0xJmNhcD1zd2lwZQ
120	<span>SpaceX’s new crew capsule aces space station docking</span>	./articles/CBMiWWh0dHBzOi8vd3d3LmNsZWFyd2F0ZXJ0aW1lcy5jb20vbmV3cy9zcGFjZXhzLW5ldy1jcmV3LWNhcHN1bGUtYWNlcy1zcGFjZS1zdGF0aW9uLWRvY2tpbmcv0gGtAWh0dHBzOi8vd3d3LWNsZWFyd2F0ZXJ0aW1lcy1jb20uY2RuLmFtcHByb2plY3Qub3JnL3Yvcy93d3cuY2xlYXJ3YXRlcnRpbWVzLmNvbS9uZXdzL3NwYWNleHMtbmV3LWNyZXctY2Fwc3VsZS1hY2VzLXNwYWNlLXN0YXRpb24tZG9ja2luZy9hbXAvP2FtcF9qc192PTAuMSN3ZWJ2aWV3PTEmY2FwPXN3aXBl
121	<span>SpaceX capsule with dummy aboard docks at space station</span>	./articles/CBMiW2h0dHBzOi8vd3d3LmNiYy5jYS9uZXdzL3RlY2hub2xvZ3kvc3BhY2V4LWNyZXctZHJhZ29uLXJvY2tldC1sYXVuY2gtc3BhY2Utc3RhdGlvbi0xLjUwNDA4ODDSAWNodHRwczovL3d3dy1jYmMtY2EuY2RuLmFtcHByb2plY3Qub3JnL3Yvcy93d3cuY2JjLmNhL2FtcC8xLjUwNDA4ODA_YW1wX2pzX3Y9MC4xI3dlYnZpZXc9MSZjYXA9c3dpcGU
122	<span>SpaceX\'s Dragon capsule docks with orbiting ISS in test of \'new generation of space flight\'</span>	./articles/CBMiggFodHRwczovL3d3dy50aGVnbG9iZWFuZG1haWwuY29tL2J1c2luZXNzL3RlY2hub2xvZ3kvc2NpZW5jZS9hcnRpY2xlLXNwYWNleHMtZHJhZ29uLWNhcHN1bGUtZG9ja3Mtd2l0aC1vcmJpdGluZy1pc3MtaW4tdGVzdC1vZi1uZXcv0gEA
123	<span>SpaceX\'s new crew capsule docks safely at space station</span>	./articles/CBMigQFodHRwczovL3Rvcm9udG9zdW4uY29tL3RlY2hub2xvZ3kvc3BhY2V4cy1uZXctY3Jldy1jYXBzdWxlLWRvY2tzLXNhZmVseS1hdC1zcGFjZS1zdGF0aW9uL3djbS81MDU4ZGFiZi02Njg4LTQ5ODktOTRlNy03M2NkZWQ2YmZhMjLSAcwBaHR0cHM6Ly90b3JvbnRvc3VuLWNvbS5jZG4uYW1wcHJvamVjdC5vcmcvdi9zL3Rvcm9udG9zdW4uY29tL3RlY2hub2xvZ3kvc3BhY2V4cy1uZXctY3Jldy1jYXBzdWxlLWRvY2tzLXNhZmVseS1hdC1zcGFjZS1zdGF0aW9uL3djbS81MDU4ZGFiZi02Njg4LTQ5ODktOTRlNy03M2NkZWQ2YmZhMjIvYW1wP2FtcF9qc192PTAuMSN3ZWJ2aWV3PTEmY2FwPXN3aXBl
124	<span>US-built capsule with a dummy aboard docks at space station</span>	./articles/CBMibGh0dHBzOi8vbGV0aGJyaWRnZWhlcmFsZC5jb20vYnVzaW5lc3MvMjAxOS8wMy8wMy91c2J1aWx0LWNhcHN1bGUtd2l0aC1hLWR1bW15LWFib2FyZC1kb2Nrcy1hdC1zcGFjZS1zdGF0aW9uL9IBAA
125	<span>Crew capsule rockets toward space station with test dummy</span>	./articles/CBMiX2h0dHBzOi8vbWVhZG93bGFrZW5vdy5jb20vMjAxOS8wMy8wNC9jcmV3LWNhcHN1bGUtcm9ja2V0cy10b3dhcmQtc3BhY2Utc3RhdGlvbi13aXRoLXRlc3QtZHVtbXkv0gEA
126	<span>SpaceX Crew Dragon docks with International Space Station</span>	./articles/CBMiXmh0dHA6Ly93d3cuYm5uYmxvb21iZXJnLmNhL3NwYWNleC1jcmV3LWRyYWdvbi1kb2Nrcy13aXRoLWludGVybmF0aW9uYWwtc3BhY2Utc3RhdGlvbi0xLjEyMjI4MzjSAQA
127	<span>SpaceX’s Crew Dragon flawlessly docks with space station in spectacular orbital debut</span>	./articles/CBMiQ2h0dHBzOi8vd3d3LnRlc2xhcmF0aS5jb20vc3BhY2V4LWNyZXctZHJhZ29uLXNwYWNlLXN0YXRpb24tYXJyaXZhbC_SAZEBaHR0cHM6Ly93d3ctdGVzbGFyYXRpLWNvbS5jZG4uYW1wcHJvamVjdC5vcmcvdi9zL3d3dy50ZXNsYXJhdGkuY29tL3NwYWNleC1jcmV3LWRyYWdvbi1zcGFjZS1zdGF0aW9uLWFycml2YWwvYW1wLz9hbXBfanNfdj0wLjEjd2Vidmlldz0xJmNhcD1zd2lwZQ
128	<span>When New Space Loses Out to NASA Pragmatism</span>	./articles/CBMiTGh0dHBzOi8vaGFja2FkYXkuY29tLzIwMTkvMDMvMDQvd2hlbi1uZXctc3BhY2UtbG9zZXMtb3V0LXRvLW5hc2EtcHJhZ21hdGlzbS_SAQA
129	<span>SpaceX\'s Crew Dragon docks with International Space Station</span>	./articles/CBMiX2h0dHBzOi8vd3d3LmJubmJsb29tYmVyZy5jYS9zcGFjZXgtY3Jldy1kcmFnb24tZG9ja3Mtd2l0aC1pbnRlcm5hdGlvbmFsLXNwYWNlLXN0YXRpb24tMS4xMjIyODM40gEA
130	<span>SpaceX\'s Crew Dragon Demo-1 Test Flight in Pictures</span>	./articles/CBMiR2h0dHBzOi8vd3d3LnNwYWNlLmNvbS9zcGFjZXgtY3Jldy1kcmFnb24tZGVtby0xLXRlc3QtZmxpZ2h0LXBob3Rvcy5odG1s0gEA
131	<span>NASA, SpaceX to test Crew Dragon Spacecraft</span>	./articles/CBMiNmh0dHBzOi8vd3d3LndpbmdzbWFnYXppbmUuY29tL25ld3MvZHJhZ29uLXNwYWNleC0xNjE0NdIBAA
132	<span>SpaceX Crew Dragon spacecraft successfully launched</span>	./articles/CAIiEOSjl6fkyK6-pWnMFi85ZFUqGAgEKg8IACoHCAowwOjjAjDp3xswicOyAw
133	<span>Russian Mission Control Center Briefs ISS on Crew Dragon Docking (VIDEO)</span>	./articles/CBMiaWh0dHBzOi8vc3B1dG5pa25ld3MuY29tL3NjaWVuY2UvMjAxOTAzMDIxMDcyODg4Mjk5LXJ1c3NpYS1yb3Njb3Ntb3MtaXNzLWNyZXctZHJhZ29uLWRvY2tpbmctaXNzLWJyaWVmaW5nL9IBtQFodHRwczovL3NwdXRuaWtuZXdzLWNvbS5jZG4uYW1wcHJvamVjdC5vcmcvdi9zL3NwdXRuaWtuZXdzLmNvbS9hbXAvc2NpZW5jZS8yMDE5MDMwMjEwNzI4ODgyOTktcnVzc2lhLXJvc2Nvc21vcy1pc3MtY3Jldy1kcmFnb24tZG9ja2luZy1pc3MtYnJpZWZpbmcvP2FtcF9qc192PTAuMSN3ZWJ2aWV3PTEmY2FwPXN3aXBl
134	<span>WATCH: SpaceX tests Dragon capsule for launching humans into space</span>	./articles/CAIiEHSIayQpuxNzzuHNZa0nQooqGQgEKhAIACoHCAow6-PzCjD7sNQCMIbmlgY
135	<span>McMaster researchers develop sensor to track firefighters in dangerous situations</span>	./articles/CBMigwFodHRwczovL3d3dy5jYmMuY2EvbmV3cy9jYW5hZGEvaGFtaWx0b24vbWNtYXN0ZXItcmVzZWFyY2hlcnMtZGV2ZWxvcC1zZW5zb3ItdG8tdHJhY2stZmlyZWZpZ2h0ZXJzLWluLWRhbmdlcm91cy1zaXR1YXRpb25zLTEuNTA0MTU1MtIBY2h0dHBzOi8vd3d3LWNiYy1jYS5jZG4uYW1wcHJvamVjdC5vcmcvdi9zL3d3dy5jYmMuY2EvYW1wLzEuNTA0MTU1Mj9hbXBfanNfdj0wLjEjd2Vidmlldz0xJmNhcD1zd2lwZQ
136	<span>More support needed for unpaid caregivers in Canada</span>	./articles/CBMiYGh0dHBzOi8vd3d3LmNiYy5jYS9yYWRpby93aGl0ZWNvYXQvbW9yZS1zdXBwb3J0LW5lZWRlZC1mb3ItdW5wYWlkLWNhcmVnaXZlcnMtaW4tY2FuYWRhLTEuNTA0MTQ0MNIBY2h0dHBzOi8vd3d3LWNiYy1jYS5jZG4uYW1wcHJvamVjdC5vcmcvdi9zL3d3dy5jYmMuY2EvYW1wLzEuNTA0MTQ0MD9hbXBfanNfdj0wLjEjd2Vidmlldz0xJmNhcD1zd2lwZQ
137	<span>Ovarian cancer advocate and model Elly Mayday dead at 30</span>	./articles/CBMiX2h0dHBzOi8vbGVhZGVycG9zdC5jb20vbmV3cy9sb2NhbC1uZXdzL292YXJpYW4tY2FuY2VyLWFkdm9jYXRlLWFuZC1tb2RlbC1lbGx5LW1heWRheS1kZWFkLWF0LTMw0gGqAWh0dHBzOi8vbGVhZGVycG9zdC1jb20uY2RuLmFtcHByb2plY3Qub3JnL3Yvcy9sZWFkZXJwb3N0LmNvbS9uZXdzL2xvY2FsLW5ld3Mvb3Zhcmlhbi1jYW5jZXItYWR2b2NhdGUtYW5kLW1vZGVsLWVsbHktbWF5ZGF5LWRlYWQtYXQtMzAvYW1wP2FtcF9qc192PTAuMSN3ZWJ2aWV3PTEmY2FwPXN3aXBl
138	<span>Saskatchewan-born model, advocate Elly Mayday dies at 30</span>	./articles/CBMiUWh0dHBzOi8vd3d3LmNiYy5jYS9uZXdzL2NhbmFkYS9zYXNrYXRjaGV3YW4vc2Fzay1tb2RlbC1lbGx5LW1heWRheS1kaWVzLTEuNTA0MTYzMdIBY2h0dHBzOi8vd3d3LWNiYy1jYS5jZG4uYW1wcHJvamVjdC5vcmcvdi9zL3d3dy5jYmMuY2EvYW1wLzEuNTA0MTYzMT9hbXBfanNfdj0wLjEjd2Vidmlldz0xJmNhcD1zd2lwZQ
139	<span>Body-Positive Model Elly Mayday Dies From Ovarian Cancer At 30</span>	./articles/CBMiVGh0dHBzOi8vd3d3Lmh1ZmZpbmd0b25wb3N0LmNhLzIwMTkvMDMvMDQvZWxseS1tYXlkYXktZGllcy1vdmFyaWFuLWNhbmNlcl9hXzIzNjgzNzk5L9IBAA
140	<span>Canadian model and body positivity activist loses battle to ovarian cancer</span>	./articles/CBMiYGh0dHBzOi8vZGFpbHloaXZlLmNvbS92YW5jb3V2ZXIvY2FuYWRpYW4tbW9kZWwtYm9keS1wb3NpdGl2aXR5LWFjdGl2aXN0LWxvc2VzLWJhdHRsZS1jYW5jZXItMjAxOdIBAA
141	<span>Maker Nation: The Canadian who invented the way to not die of AIDS</span>	./articles/CBMiqQFodHRwczovL3d3dy5zdGFuZGFyZC1mcmVlaG9sZGVyLmNvbS9oZWFsdGgvbWFrZXItbmF0aW9uLXRoZS1jYW5hZGlhbi13aG8taW52ZW50ZWQtdGhlLXdheS10by1ub3QtZGllLW9mLWFpZHMvd2NtLzRiZGE2OTQ0LTkzYTQtNGI5MC1iYzA4LTcwZWY0ZDEyOWM5Nz92aWRlb19hdXRvcGxheT10cnVl0gHuAWh0dHBzOi8vd3d3LXN0YW5kYXJkLS1mcmVlaG9sZGVyLWNvbS5jZG4uYW1wcHJvamVjdC5vcmcvdi9zL3d3dy5zdGFuZGFyZC1mcmVlaG9sZGVyLmNvbS9oZWFsdGgvbWFrZXItbmF0aW9uLXRoZS1jYW5hZGlhbi13aG8taW52ZW50ZWQtdGhlLXdheS10by1ub3QtZGllLW9mLWFpZHMvd2NtLzRiZGE2OTQ0LTkzYTQtNGI5MC1iYzA4LTcwZWY0ZDEyOWM5Ny9hbXA_YW1wX2pzX3Y9MC4xI3dlYnZpZXc9MSZjYXA9c3dpcGU
142	<span>Physicians to try six-month implant treatment to treat addiction to opioids</span>	./articles/CBMikgFodHRwczovL3ZhbmNvdXZlcnN1bi5jb20vbmV3cy93b3JsZC9zaXgtbW9udGgtaW1wbGFudC1uZXdlc3Qtb3B0aW9uLXRvLXRyZWF0LWFkZGljdGlvbi1hbWlkLW9waW9pZC1jcmlzaXMvd2NtLzFjNTNjOWRjLWU1MjItNDQ1Zi05NjI4LTNjMDZhMjJlOTQxZtIB3wFodHRwczovL3ZhbmNvdXZlcnN1bi1jb20uY2RuLmFtcHByb2plY3Qub3JnL3Yvcy92YW5jb3V2ZXJzdW4uY29tL25ld3Mvd29ybGQvc2l4LW1vbnRoLWltcGxhbnQtbmV3ZXN0LW9wdGlvbi10by10cmVhdC1hZGRpY3Rpb24tYW1pZC1vcGlvaWQtY3Jpc2lzL3djbS8xYzUzYzlkYy1lNTIyLTQ0NWYtOTYyOC0zYzA2YTIyZTk0MWYvYW1wP2FtcF9qc192PTAuMSN3ZWJ2aWV3PTEmY2FwPXN3aXBl
143	<span>New opioid implant offered to Canadians as potential addiction treatment</span>	./articles/CAIiELt9SSqOhkqI9HSM2ciBn1IqGQgEKhAIACoHCAowqeP_CjDdg_oCMMTh6QU
144	<span>6-month implant newest option in Canada to treat addiction amid opioid crisis</span>	./articles/CBMiV2h0dHBzOi8vd3d3LmNiYy5jYS9uZXdzL2NhbmFkYS9tb250cmVhbC9vcGlvZC1pbXBsYW50LXRyZWF0bWVudC1idXByZW5vcnBoaW5lLTEuNTA0MDkzONIBY2h0dHBzOi8vd3d3LWNiYy1jYS5jZG4uYW1wcHJvamVjdC5vcmcvdi9zL3d3dy5jYmMuY2EvYW1wLzEuNTA0MDkzOD9hbXBfanNfdj0wLjEjd2Vidmlldz0xJmNhcD1zd2lwZQ
145	<span>Six-month implant is the newest option to treat addiction amid opioid crisis</span>	./articles/CBMidWh0dHBzOi8vd3d3LnRoZWdsb2JlYW5kbWFpbC5jb20vY2FuYWRhL2FydGljbGUtc2l4LW1vbnRoLWltcGxhbnQtaXMtdGhlLW5ld2VzdC1vcHRpb24tdG8tdHJlYXQtYWRkaWN0aW9uLWFtaWQtb3Bpb2lkL9IBAA
146	<span>Six-month implant newest option to treat addiction amid opioid crisis</span>	./articles/CBMikwFodHRwczovL290dGF3YWNpdGl6ZW4uY29tL25ld3Mvd29ybGQvc2l4LW1vbnRoLWltcGxhbnQtbmV3ZXN0LW9wdGlvbi10by10cmVhdC1hZGRpY3Rpb24tYW1pZC1vcGlvaWQtY3Jpc2lzL3djbS8zOTg1Nzc1NS1jZjkxLTQ1NWQtYTM2NS1lZDk3NTU5NDRhYjDSAeEBaHR0cHM6Ly9vdHRhd2FjaXRpemVuLWNvbS5jZG4uYW1wcHJvamVjdC5vcmcvdi9zL290dGF3YWNpdGl6ZW4uY29tL25ld3Mvd29ybGQvc2l4LW1vbnRoLWltcGxhbnQtbmV3ZXN0LW9wdGlvbi10by10cmVhdC1hZGRpY3Rpb24tYW1pZC1vcGlvaWQtY3Jpc2lzL3djbS8zOTg1Nzc1NS1jZjkxLTQ1NWQtYTM2NS1lZDk3NTU5NDRhYjAvYW1wP2FtcF9qc192PTAuMSN3ZWJ2aWV3PTEmY2FwPXN3aXBl
